{"1":{"category":"admission","discription":"INSTITUTE OF SOUTHERN PUNJAB, MULTAN\n ISP admissions are open for BACHELOR degree courses in Languages, Physics & Numerical Sciences, Commerce \/ Finance & Accounting, Social Sciences, Computer Sciences & Information Technology, Art & Design, Management Sciences, Technical, Religious Studies, Education, Media Studies\n\n\nLast date to apply for admission (online \/ by hand) is 25-03-2020."},"2":{"category":"admission","discription":"INSTITUTE OF SOUTHERN PUNJAB (GIRLS CAMPUS), MULTAN\n ISP admissions are open for BACHELOR degree courses in Physics & Numerical Sciences, Commerce \/ Finance & Accounting, Education, Languages, Religious Studies, Social Sciences\n\n\nLast date to apply for admission (online \/ by hand) is 25-03-2020."},"3":{"category":"admission","discription":"VIRTUAL UNIVERSITY OF PAKISTAN, LAHORE\n VU admissions are open for BACHELOR degree courses in Social Sciences, Computer Sciences & Information Technology, Commerce \/ Finance & Accounting, Education, Biological & Life Sciences, Management Sciences, Physics & Numerical Sciences, Media Studies\n\n\nLast date to apply for admission (online \/ by hand) is 25-03-2020."},"4":{"category":"admission","discription":"RAWAL INSTITUTE OF HEALTH SCIENCES, ISLAMABAD\n RIHS admissions are open for BACHELOR degree courses in Medical Sciences\n\n\nLast date to apply for admission (online \/ by hand) is 28-03-2020."},"5":{"category":"admission","discription":"LIMS COLLEGE, ABBOTTABAD\n admissions are open for BACHELOR degree courses in Medical Sciences, Education\n\n\nLast date to apply for admission (online \/ by hand) is 28-03-2020."},"6":{"category":"admission","discription":"KASB [ KHADIM ALI SHAH BUKHARI ] INSTITUTE OF TECHNOLOGY, KARACHI\n KASBIT admissions are open for BACHELOR degree courses in Commerce \/ Finance & Accounting, Management Sciences\n\n\nLast date to apply for admission (online \/ by hand) is 28-03-2020."},"7":{"category":"admission","discription":"JINNAH POSTGRADUATE MEDICAL CENTRE\/HOSPITAL, KARACHI\n JPMC admissions are open for BACHELOR degree courses in Medical Sciences\n\n\nLast date to apply for admission (online \/ by hand) is 28-03-2020."},"8":{"category":"admission","discription":"BRAINS INSTITUTE, PESHAWAR\n BRAINS admissions are open for BACHELOR degree courses in Technical, Commerce \/ Finance & Accounting, Management Sciences, Computer Sciences & Information Technology\n\n\nLast date to apply for admission (online \/ by hand) is 29-03-2020."},"9":{"category":"admission","discription":"LAHORE LEADS UNIVERSITY, LAHORE\n LLU admissions are open for BACHELOR degree courses in Languages, Management Sciences, Social Sciences, Computer Sciences & Information Technology, Physics & Numerical Sciences, Media Studies, Education, Religious Studies\n\n\nLast date to apply for admission (online \/ by hand) is 31-03-2020."},"10":{"category":"admission","discription":"SCHOOL OF NURSING & MIDWIFERY SIR GANGA RAM HOSPITAL, LAHORE\n SNM admissions are open for BACHELOR degree courses in Medical Sciences\n\n\nLast date to apply for admission (online \/ by hand) is 31-03-2020."},"11":{"category":"admission","discription":"SCHOOL OF NURSING SERVICES HOSPITAL, LAHORE\n admissions are open for BACHELOR degree courses in Medical Sciences\n\n\nLast date to apply for admission (online \/ by hand) is 31-03-2020."},"12":{"category":"admission","discription":"SCHOOL OF NURSING AND MIDWIFERY, MUZAFARGARH\n SNM admissions are open for BACHELOR degree courses in Medical Sciences\n\n\nLast date to apply for admission (online \/ by hand) is 31-03-2020."}}