{"0":{"tilte":"Pak Army Jobs 2020 for 45+ Clerks, Stenotypist, Supervisors, Khateeb, Instructors, Technicians & Other at Army Air Defence Center Karachi","img":"https:\/\/jobs.com.pk\/wp-content\/uploads\/2016\/09\/pak-army.png","link":"https:\/\/jobs.com.pk\/view\/63865\/pak-army-jobs-2020-for-45-clerks-stenotypist-supervisors-khateeb-instructors-technicians-other-at-army-air-defence-center-karachi\/","discription":"Pak Army Jobs 2020 for 45+ Clerks, Stenotypist, Supervisors, Khateeb, Instructors, Technicians & Other to be filled immediately at Army Air Defence Center Karachi. Required qualification from a recognized institution and relevant work experience requirement are as following. Eligible candidates are encouraged to apply to the post in prescribed manner. Incomplete and late submissions\/applications will not be entertained. Only short listed candidates will be invited for interview and the selection process. No TA\/DA will be admissible for Test\/Interview. Last date to apply to the post and submit application along with required documents is 10th April 2020.\n\nPak Army\n\n\n\n\nName of Organization:\nPak Army\n\n\nTotal Vacancies:\n45+\n\n\nJob Location:\nKarachi\n\n\nLast Date To Apply:\n10th April 2020\n\n\n\nName of Posts:\n\nClerks\nStenotypist\nSupervisors\nKhateeb\nInstructors\nTechnicians\nOther\n\nHow to Apply:\n\nInterested applicants must submit application along with required documents on or before 10th April 2020.\nApplication form, details & registration:\n\n\n\nNotification\nDownload Notification\n\n\nPakistan Army\nPakistan Army Jobs","description_img_link":"https:\/\/paper.jobs.com.pk\/wp-content\/uploads\/2020\/03\/pads-dn.jpg"},"1":{"tilte":"OGDCL Jobs 2020 for Chief Engineer \/ Chief HSEQ, Dy Chief Security Officer, Deputy Chief, Accounts, Internal Audit & Other","img":"https:\/\/jobs.com.pk\/wp-content\/uploads\/2016\/11\/ogdcl-logo.jpg","link":"https:\/\/jobs.com.pk\/view\/63863\/ogdcl-jobs-2020-for-chief-engineer-chief-hseq-dy-chief-security-officer-deputy-chief-accounts-internal-audit-other\/","discription":"Oil & Gas Development Company Limited (OGDCL) Jobs 2020: OGDCL is inviting applications from eligible candidates for Chief Engineer \/ Chief HSEQ, Dy Chief Security Officer, Deputy Chief, Accounts, Internal Audit & Other. Required qualification from a recognized institution, relevant work experience and age limit requirement are as following. Eligible candidates are encouraged to apply to the post in prescribed manner. Incomplete, late, hand written submissions\/applications will not be entertained. Only shortlisted candidates will be called for written test\/interview. See the notification below to see vacancies\/positions available, eligibility criteria and other requirements. Eligible candidates must submit applications on or before 6th April 2020.\n\nOil & Gas Development Company Limited (OGDCL)\n\n\n\n\nName of Organization:\nOil & Gas Development Company Limited (OGDCL)\n\n\nTotal Vacancies:\nMultiple\n\n\nJob Location:\nIslamabad\n\n\nLast Date To Apply:\n6th April 2020\n\n\n\nName of Posts:\n\nChief Engineer \/ Chief HSEQ\nDy Chief Security Officer\nDeputy Chief Accounts\nInternal Audit Staff\n\nHow to Apply:\n\nInterested applicants must submit application along with required documents on or before 6th April 2020.\nApplication form, details & registration:\n\n\n\nApply\nForm Available from 19th March\n\n\nNotification\nDownload Notification\n\n\nOil & Gas Development Company Limited (OGDCL)\nOGDCL Jobs","description_img_link":"https:\/\/paper.jobs.com.pk\/wp-content\/uploads\/2020\/03\/dw-ogdcl.jpg"},"2":{"tilte":"Planning Commission of Pakistan Jobs 2020 for Consultants \/ Advisors Vacancies","img":"https:\/\/jobs.com.pk\/wp-content\/uploads\/2019\/06\/logo-federal.jpg","link":"https:\/\/jobs.com.pk\/view\/63891\/planning-commission-of-pakistan-jobs-2020-for-consultants-advisors-vacancies\/","discription":"Planning Commission of Pakistan Jobs 2020 for Consultants \/ Advisors Vacancies to be filled immediately. Required qualification from a recognized institution and relevant work experience requirement are as following. Eligible candidates are encouraged to apply to the post in prescribed manner. Incomplete and late submissions\/applications will not be entertained. Only short listed candidates will be invited for interview and the selection process. No TA\/DA will be admissible for Test\/Interview. Last date to apply to the post and submit application along with required documents is 3rd April 2020.\n\nPlanning Commission of Pakistan\n\n\n\n\nName of Organization:\nPlanning Commission of Pakistan\n\n\nTotal Vacancies:\nMultiple\n\n\nJob Location:\nIslamabad\n\n\nLast Date To Apply:\n3rd April 2020\n\n\n\nName of Posts:\n\nConsultants \/ Advisors\n\nHow to Apply:\n\nInterested applicants must submit application along with required documents on or before 3rd April 2020.\nAlso See: Planning Commission of Pakistan Jobs 2020 for Directors, Office Assistants, IT Staff, Admin\/Finance, Specialists, Research & Other \nApplication form, details & registration:\n\n\n\nApply\nApply Online\n\n\nNotification\nDownload Notification\n\n\nGovernment Jobs\nLatest Government Jobs","description_img_link":"https:\/\/paper.jobs.com.pk\/wp-content\/uploads\/2020\/03\/pc-exp.jpg"},"3":{"tilte":"Ministry of Defence Production Pakistan Jobs 2020 for Stenotypists, LDC Clerk, Store Helper, Naib Qasid & Other","img":"https:\/\/jobs.com.pk\/wp-content\/uploads\/2019\/06\/logo-federal.jpg","link":"https:\/\/jobs.com.pk\/view\/63871\/ministry-of-defence-production-pakistan-jobs-2020-for-stenotypists-ldc-clerk-store-helper-naib-qasid-other\/","discription":"Ministry of Defence Production Jobs 2020 for Stenotypists, LDC Clerk, Store Helper, Naib Qasid & Other to be filled immediately. Required qualification from a recognized institution and relevant work experience requirement are as following. Eligible candidates are encouraged to apply to the post in prescribed manner. Incomplete and late submissions\/applications will not be entertained. Only short listed candidates will be invited for interview and the selection process. No TA\/DA will be admissible for Test\/Interview. Last date to apply to the post and submit application along with required documents is 2nd April 2020.\n\nMinistry of Defence Production Pakistan\n\n\n\n\nName of Organization:\nMinistry of Defence Production Pakistan\n\n\nTotal Vacancies:\n8+\n\n\nJob Location:\nIslamabad\n\n\nLast Date To Apply:\n2nd April 2020\n\n\n\nName of Posts:\n\nMultiple Vacancies\n\nHow to Apply:\n\nInterested applicants must submit application along with required documents on or before 30th March 2020.\nApplication form, details & registration:\n\n\n\nNotification\nDownload Notification\n\n\nGovernment Jobs\nGovernment Jobs (All Pakistan)","description_img_link":"https:\/\/paper.jobs.com.pk\/wp-content\/uploads\/2020\/03\/mod-ajm.jpg"},"4":{"tilte":"Armed Forces Institute (AFIRI) Jobs 2020 for 15+ LDC\/UDC Clerks, IT Technicians, Electro-medical, Transcriptionist & Other","img":"https:\/\/jobs.com.pk\/wp-content\/uploads\/2019\/12\/armedforces-logo.jpg","link":"https:\/\/jobs.com.pk\/view\/63843\/armed-forces-institute-afiri-jobs-2020-for-15-ldc-udc-clerks-it-technicians-electro-medical-transcriptionist-other\/","discription":"Armed Forces Institute of Radiology & Imaging (AFIRI) Jobs 2020 in Rawalpindi: AFIRI is inviting applications from eligible candidates for 15+ LDC\/UDC Clerks, IT Technicians, Electro-medical, Transcriptionist & Other. ATS is conducting recruitment test for these posts and you can download the ATS application form and deposit slip from ATS website or this page below \u2013 Required qualification from a recognized institution, relevant work experience and age limit requirement are as following. Eligible candidates are encouraged to apply to the post in prescribed manner. Incomplete, late, hand written submissions\/applications will not be entertained. Only shortlisted candidates will be called for written test\/interview. See the notification below to see vacancies\/positions available, eligibility criteria and other requirements. Eligible candidates must submit applications on or before 2nd April 2020.\n\nArmed Forces Institute of Radiology & Imaging (AFIRI)\n\n\n\n\nName of Organization:\nArmed Forces Institute of Radiology & Imaging (AFIRI)\n\n\nTotal Vacancies:\n15+\n\n\nJob Location:\nRawalpindi\n\n\nLast Date To Apply:\n2nd April 2020\n\n\n\nName of Posts:\n\nLDC\/UDC Clerks\nIT Technicians\nElectro-medical\nTranscriptionist\n\nHow to Apply:\n\nInterested applicants must submit application along with required documents on or before 2nd April 2020.\nApplication form, details & registration:\n\n\n\nApply\nForm Available from 19th March\n\n\nNotification\nDownload Notification\n\n\nPakistan Army Jobs\nJoin Pak Army","description_img_link":"https:\/\/paper.jobs.com.pk\/wp-content\/uploads\/2020\/03\/afiri-exp.jpg"},"5":{"tilte":"Pakistan National Council of Arts (PNCA) Jobs 2020 for 11+ Progamme Executive\/Supervisor, Care Taker, Research Officer, Multimedia Staff & Other","img":"https:\/\/jobs.com.pk\/wp-content\/uploads\/2019\/06\/logo-federal.jpg","link":"https:\/\/jobs.com.pk\/view\/63803\/pakistan-national-council-of-arts-pnca-jobs-2020-for-11-progamme-executive-supervisor-care-taker-research-officer-multimedia-staff-other\/","discription":"Pakistan National Council of Arts (PNCA) Jobs 2020: The council is inviting applications from eligible candidates for latest vacancies for Progamme Executive\/Supervisor, Care Taker, Research Officer, Multimedia Staff & Other in Islamabad and Karachi. Required qualification from a recognized institution, relevant work experience and age limit requirement are as following. Eligible candidates are encouraged to apply to the post in prescribed manner. Incomplete, late, hand written submissions\/applications will not be entertained. Only shortlisted candidates will be called for written test\/interview. See the notification below to see vacancies\/positions available, eligibility criteria and other requirements. Eligible candidates must submit applications on or before 1st April 2020.\n\nPakistan National Council of Arts (PNCA)\n\n\n\n\nName of Organization:\nPakistan National Council of Arts (PNCA)\n\n\nTotal Vacancies:\n11+\n\n\nJob Location:\nPakistan\n\n\nLast Date To Apply:\n1st April 2020\n\n\n\nName of Posts:\n\nProgramme Executive \/ Supervisor\nConsultant \/ Expert\nPhotographers \/ Cameraman\nResearch Officer\nCare Taker\nProp Assistant\nIncharge Light\nResource Person\nDispatch Rider\n\nHow to Apply:\n\nInterested applicants must submit application along with required documents on or before 1st April 2020.\nApplication form, details & registration:\n\n\n\nNotification\nDownload Notification\n\n\nGovernment Jobs\nLatest Government Jobs","description_img_link":"https:\/\/paper.jobs.com.pk\/wp-content\/uploads\/2020\/03\/pnsa-nw.jpg"},"6":{"tilte":"Fauji Foundation Jobs 2020 for Jr Manager, Officer Finance, BDO, OT & Staff Nurses (Multiple Cities)","img":"https:\/\/jobs.com.pk\/wp-content\/uploads\/2017\/01\/faujifoundationlogo-300x300.png","link":"https:\/\/jobs.com.pk\/view\/63708\/fauji-foundation-jobs-2020-for-jr-manager-officer-finance-bdo-ot-staff-nurses-multiple-cities\/","discription":"Fauji Foundation Jobs 2020 for Jr Manager, Officer Finance, BDO, OT & Staff Nurses to be filled immediately in Lahore, Rawalpindi and Faisalabad. Required qualification from a recognized institution and relevant work experience requirement are as following. Eligible candidates are encouraged to apply to the post in prescribed manner. Incomplete and late submissions\/applications will not be entertained. Only short listed candidates will be invited for interview and the selection process. No TA\/DA will be admissible for Test\/Interview. Last date to apply to the post and submit application along with required documents is 25th March 2020.\n\nFauji Foundation\n\n\n\n\nName of Organization:\nFauji Foundation\n\n\nTotal Vacancies:\nMultiple\n\n\nJob Location:\nLahore, Rawalpindi, Faisalabad\n\n\nLast Date To Apply:\n25th March 2020\n\n\n\nName of Posts:\n\nJunior Manager Finance\nOfficer Finance\nBusiness Development Officer\nOT & Staff Nurses\n\nHow to Apply:\n\n\nInterested applicants must submit application along with required documents on or before 30th March 2020.\nApplication form, details & registration:\n\n\n\nNotification\nDownload Notification \u2013 Part 1 | Part 2\n\n\nGovernment Jobs\nLatest Government Jobs","description_img_link":"https:\/\/paper.jobs.com.pk\/wp-content\/uploads\/2020\/03\/ff-exp-1.jpg"},"7":{"tilte":"Design & Engineering Systems Ltd (DESPK) Jobs 2020 for Engineers, IT, HR, Procurement, Manages, Assistant Managers & Other","img":"https:\/\/jobs.com.pk\/wp-content\/uploads\/2019\/06\/logo-jobs.png","link":"https:\/\/jobs.com.pk\/view\/63792\/design-engineering-systems-ltd-despk-jobs-2020-for-engineers-it-hr-procurement-manages-assistant-managers-other\/","discription":"Design & Engineering Systems Ltd (DESPK) Jobs 2020 for Engineers, IT, HR, Procurement, Manages, Assistant Managers & Other to be filled immediately. Required qualification from a recognized institution and relevant work experience requirement are as following. Eligible candidates are encouraged to apply to the post in prescribed manner. Incomplete and late submissions\/applications will not be entertained. Only short listed candidates will be invited for interview and the selection process. No TA\/DA will be admissible for Test\/Interview. Last date to apply to the post and submit application along with required documents is 31st March 2020.\n\nDesign & Engineering Systems Pvt (DESP)\n\n\n\n\nName of Organization:\nDesign & Engineering Systems Pvt (DESP)\n\n\nJob Location:\nFaisalabad\n\n\nLast Date To Apply:\n31st March 2020\n\n\n\nName of Posts:\n\nGeneral Manager\nProject Manager\nSite Engineers\nPlanning Engineers\nHSE Officer\nQuantity Surveyors\nIT Staff\nAccounts\/Finance Staff\nHR Manager\nAdministration Manager\nAdmin Officer\nManagers (Procurement & Other)\nManagement Executives\nSupport Staff\n\nHow to Apply:\n\nInterested applicants must submit application along with required documents on or before 31st March 2020.\nApplication form, details & registration:\n\n\n\nApply\nSubmit CV\/Resume at [email\u00a0protected]\n\n\nNotification\nDownload Notification\n\n\nGovernment Jobs\nPunjab Government Jobs","description_img_link":"https:\/\/paper.jobs.com.pk\/wp-content\/uploads\/2020\/03\/desp-jn.jpg"},"8":{"tilte":"LUMS University Jobs 2020 for Telephone Operator, Daycare Staff, Library Attendant and Security Guards","img":"https:\/\/jobs.com.pk\/wp-content\/uploads\/2019\/06\/logo-jobs.png","link":"https:\/\/jobs.com.pk\/view\/63790\/lums-university-jobs-2020-for-telephone-operator-daycare-staff-library-attendant-and-security-guards\/","discription":"LUMS University Lahore Jobs 2020 for Telephone Operator, Daycare Staff and Library Attendant and Security Guards to be filled immediately in Lahore. Required qualification from a recognized institution and relevant work experience requirement are as following. Eligible candidates are encouraged to apply to the post in prescribed manner. Incomplete and late submissions\/applications will not be entertained. Only short listed candidates will be invited for interview and the selection process. No TA\/DA will be admissible for Test\/Interview. Last date to apply to the post and submit application along with required documents is 15th April 2020.\nName of Posts:\n\nTelephone Operator\nDaycare Staff\nLibrary Attendant\nSecurity Guards\n\nHow to Apply:\n\nInterested applicants must submit application along with required documents on or before 15th April 2020.\nApplication form, details & registration:\n\n\n\nNotification\nDownload Notification\n\n\nGovernment Jobs\nPunjab Government Jobs","description_img_link":"https:\/\/paper.jobs.com.pk\/wp-content\/uploads\/2020\/03\/lums-nw.jpg"},"9":{"tilte":"Pak Army Jobs 2020 for Clerks, Mess Waiters, Skilled & Support Staff (Multiple Cities)","img":"https:\/\/jobs.com.pk\/wp-content\/uploads\/2016\/09\/pak-army.png","link":"https:\/\/jobs.com.pk\/view\/63788\/pak-army-jobs-2020-for-clerks-mess-waiters-skilled-support-staff-multiple-cities\/","discription":"Pak Army Jobs 2020 for Clerks, Mess Waiters, Skilled & Support Staff to be filled immediately in multiple cities including Karachi, Kakul, Attock and Mangla Cantt. Required qualification from a recognized institution and relevant work experience requirement are as following. Eligible candidates are encouraged to apply to the post in prescribed manner. Incomplete and late submissions\/applications will not be entertained. Only short listed candidates will be invited for interview and the selection process. No TA\/DA will be admissible for Test\/Interview. Last date to apply to the post and submit application along with required documents is 31st March 2020.\n\nPak Army\n\n\n\n\nName of Organization:\nPak Army\n\n\nTotal Vacancies:\nMultiple\n\n\nJob Location:\nKarachi, Kakul, Attock and Mangla Cantt\n\n\nLast Date To Apply:\n31st March 2020\n\n\n\nName of Posts:\n\nClerks\nMess Waiters\nSkilled & Support Staff\n\nHow to Apply:\n\n\n\n\n\n\n\nInterested applicants must submit application along with required documents on or before 31st March 2020.\nApplication form, details & registration:\n\n\n\nPakistan Army\nPak Army Jobs in Pakistan\n\n\nGovernment Jobs\nArmed Forces Jobs","description_img_link":"https:\/\/paper.jobs.com.pk\/wp-content\/uploads\/2020\/03\/pa-sho-nw.jpg"},"10":{"tilte":"National Skills University (Islamabad) Jobs 2020 for Consultants \/ HR \/ Academic \/ Finance & Audit","img":"https:\/\/jobs.com.pk\/wp-content\/uploads\/2019\/06\/logo-federal.jpg","link":"https:\/\/jobs.com.pk\/view\/63783\/national-skills-university-islamabad-jobs-2020-for-consultants-multiple-categories\/","discription":"National Skills University (Islamabad) Jobs 2020 for Consultants \/ HR \/ Academic \/ Finance & Audit to be filled immediately. Required qualification from a recognized institution and relevant work experience requirement are as following. Eligible candidates are encouraged to apply to the post in prescribed manner. Incomplete and late submissions\/applications will not be entertained. Only short listed candidates will be invited for interview and the selection process. No TA\/DA will be admissible for Test\/Interview. Last date to apply to the post and submit application along with required documents is 31st March 2020.\n\nNational Skills University\n\n\n\n\nName of Organization:\nNational Skills University\n\n\nTotal Vacancies:\nMultiple\n\n\nJob Location:\nIslamabad\n\n\nLast Date To Apply:\n31st March 2020\n\n\n\nName of Posts, Qualifications & Eligibility\n\n\n\nPost\nQualification\n\n\n\n\nConsultants \/ Professionals (Multiple Posts)\nGraduation with 20 Years Experience\n\n\n\n\nApplication form, details & registration:\n\n\n\nNotification\nDownload Notification\n\n\nGovernment Jobs\nLatest Government Jobs","description_img_link":"https:\/\/paper.jobs.com.pk\/wp-content\/uploads\/2020\/03\/NSU-dn.jpg"},"11":{"tilte":"National Accountability Bureau (NAB) Islamabad Jobs 2020 for 33+ Research Associates, Additional Prosecutors, Deputy and Special Prosecutors","img":"https:\/\/jobs.com.pk\/wp-content\/uploads\/2016\/11\/NAB-logo.jpg","link":"https:\/\/jobs.com.pk\/view\/63763\/national-accountability-bureau-nab-islamabad-jobs-2020-for-33-research-associates-additional-prosecutors-deputy-and-special-prosecutors\/","discription":"National Accountability Bureau (NAB) Islamabad Jobs 2020 for 33+ Research Associates, Additional Prosecutors, Deputy and Special Prosecutors to be filled immediately. Required qualification from a recognized institution and relevant work experience requirement are as following. Eligible candidates are encouraged to apply to the post in prescribed manner. Incomplete and late submissions\/applications will not be entertained. Only short listed candidates will be invited for interview and the selection process. No TA\/DA will be admissible for Test\/Interview. Last date to apply to the post and submit application along with required documents is 31st March 2020.\n\nNational Accountability Bureau (NAB)\n\n\n\n\nName of Organization:\nNational Accountability Bureau (NAB)\n\n\nTotal Vacancies:\n33+\n\n\nJob Location:\nIslamabad\n\n\nLast Date To Apply:\n31st March 2020\n\n\n\nName of Posts:\n\nResearch Associates\nAdditional Prosecutors\nDeputy Prosecutors\nSpecial Prosecutors\n\nHow to Apply:\n\nInterested applicants must submit application along with required documents on or before 31st March 2020.\nApplication form, details & registration:\n\n\n\nNotification\nDownload Notification\n\n\nGovernment Jobs\nNAB Jobs","description_img_link":"https:\/\/paper.jobs.com.pk\/wp-content\/uploads\/2020\/03\/nab-tnn-scaled.jpg"},"12":{"tilte":"Ministry of Railways Pakistan Jobs 2020 for Managing Director at Karachi Urban Transport Corporation","img":"https:\/\/jobs.com.pk\/wp-content\/uploads\/2016\/09\/pakistan-railways.jpg","link":"https:\/\/jobs.com.pk\/view\/63764\/ministry-of-railways-pakistan-jobs-2020-for-managing-director-at-karachi-urban-transport-corporation\/","discription":"Ministry of Railways Pakistan Jobs 2020 for Managing Director at Karachi Urban Transport Corporation to be filled immediately. Required qualification from a recognized institution and relevant work experience requirement are as following. Eligible candidates are encouraged to apply to the post in prescribed manner. Incomplete and late submissions\/applications will not be entertained. Only short listed candidates will be invited for interview and the selection process. No TA\/DA will be admissible for Test\/Interview. Last date to apply to the post and submit application along with required documents is 31st March 2020.\n\nMinistry of Railways Pakistan\n\n\n\n\nName of Organization:\nMinistry of Railways Pakistan\n\n\nTotal Vacancies:\n1\n\n\nJob Location:\nIslamabad\n\n\nLast Date To Apply:\n31st March 2020\n\n\n\nName of Posts, Qualifications & Eligibility\n\n\n\nPost\nQualification\n\n\n\n\nManaging Director (1)\nEngineering \/ Management Graduate with 20 Years Experience\n\n\n\nPakistan Railway Ministry Jobs Notification:\n\nAlso See: Pakistan Intermodal Limited (Railway\/Freight Project) Jobs 2020\nPakistan Intermodal Ltd (PIL) Jobs 2020 for 212+ Locomotive Operators, Supervisors, Foreman, Engineers, Management Trainees, Assistant Managers & Other\nApplication form, details & registration:\n\n\n\nNotification\nDownload Notification\n\n\nPakistan Railways\nPakistan Railway Jobs","description_img_link":"https:\/\/paper.jobs.com.pk\/wp-content\/uploads\/2020\/03\/pakrailways-exp-tn.jpg"},"13":{"tilte":"Pakistan Post Jobs 2020 for Medical Specialist and Medical Officer Vacancies","img":"https:\/\/jobs.com.pk\/wp-content\/uploads\/2017\/11\/pakistanpost-logo.png","link":"https:\/\/jobs.com.pk\/view\/63769\/pakistan-post-jobs-2020-for-medical-specialist-and-medical-officer-vacancies\/","discription":"Pakistan Post Jobs 2020 for Medical Specialist and Medical Officer Vacancies to be filled immediately. Required qualification from a recognized institution and relevant work experience requirement are as following. Eligible candidates are encouraged to apply to the post in prescribed manner. Incomplete and late submissions\/applications will not be entertained. Only short listed candidates will be invited for interview and the selection process. No TA\/DA will be admissible for Test\/Interview. Last date to apply to the post and submit application along with required documents is 3rd April 2020.\n\nPakistan Post\n\n\n\n\nName of Organization:\nPakistan Post\n\n\nTotal Vacancies:\n2+\n\n\nJob Location:\nRawalpindi\n\n\nLast Date To Apply:\n3rd April 2020\n\n\n\nName of Posts, Qualifications & Eligibility\n\n\n\nPost\nQualification\n\n\n\n\nMedical Specialist (1)\nMBBS \/ FCPS\n\n\nMedical Officer (1)\nMBBS \/ FCPS\n\n\n\n\nApplication form, details & registration:\n\n\n\nNotification\nDownload Notification\n\n\nGovernment Jobs\nGovernment Jobs (All Pakistan)","description_img_link":"https:\/\/paper.jobs.com.pk\/wp-content\/uploads\/2020\/03\/pakpost-exp.jpg"},"14":{"tilte":"National Accountability Bureau (NAB) Jobs 2020 for 19+ Drivers and Naib Qasid at NAB Lahore Bureau","img":"https:\/\/jobs.com.pk\/wp-content\/uploads\/job_listings\/2015\/02\/NAB-logo.jpg","link":"https:\/\/jobs.com.pk\/view\/63596\/national-accountability-bureau-nab-jobs-2020-for-19-drivers-and-naib-qasid-at-nab-lahore-bureau\/","discription":"National Accountability Bureau (NAB) Jobs 2020 for 19+ Drivers and Naib Qasid to be filled immediately NAB Lahore Bureau. Required qualification from a recognized institution and relevant work experience requirement are as following. Eligible candidates are encouraged to apply to the post in prescribed manner. Incomplete and late submissions\/applications will not be entertained. Only short listed candidates will be invited for interview and the selection process. No TA\/DA will be admissible for Test\/Interview. Last date to apply to the post and submit application along with required documents is 20th March 2020.\n\nNational Accountability Bureau (NAB)\n\n\n\n\nName of Organization:\nNational Accountability Bureau (NAB)\n\n\nTotal Vacancies:\n19+\n\n\nJob Location:\nLahore\n\n\nLast Date To Apply:\n20th March 2020\n\n\n\nName of Posts:\n\nDrivers\nNaib Qasid\n\nHow to Apply:\n\nInterested applicants must submit application along with required documents on or before 20th March 2020.\nApplication form, details & registration:\n\n\n\nNotification\nDownload Notification\n\n\nNational Accountability Bureau (NAB)\nNAB Jobs","description_img_link":"https:\/\/paper.jobs.com.pk\/wp-content\/uploads\/2020\/03\/nab-dn.jpg"},"15":{"tilte":"State Bank of Pakistan (SBP) Jobs 2020 for Statistical Officers, Analysts, IT Staff, Economists & Other (Multiple Departments)","img":"https:\/\/jobs.com.pk\/wp-content\/uploads\/2016\/11\/sbp-logo.png","link":"https:\/\/jobs.com.pk\/view\/63751\/state-bank-of-pakistan-sbp-jobs-2020-for-statistical-officers-analysts-it-staff-economists-other-multiple-departments\/","discription":"State Bank of Pakistan (SBP) Jobs 2020: SBP is inviting applications from eligible candidates for Statistical Officers, Analysts, IT Staff, Economists & Other. Required qualification from a recognized institution, relevant work experience and age limit requirement are as following. Eligible candidates can apply online on State Bank career portal by 30th March 2020. Incomplete, late, hand written submissions\/applications will not be entertained. Only shortlisted candidates will be called for written test\/interview. See the notification below to see vacancies\/positions available, eligibility criteria and other requirements.\/strong>\n\nState Bank of Pakistan (SBP)\n\n\n\n\nName of Organization:\nState Bank of Pakistan (SBP)\n\n\nTotal Vacancies:\nMultiple\n\n\nJob Location:\nKarachi \/ Pakistan\n\n\nLast Date To Apply:\n30th March 2020\n\n\n\nName of Posts:\n\nStatistical Officers\nAnalysts\nIT Staff\nEconomics\n\nHow to Apply:\n\nInterested applicants must submit application along with required documents on or before 30th March 2020.\nApplication form, details & registration:\n\n\n\nApply\nApply Online\n\n\nNotification\nDownload Notification\n\n\nState Bank of Pakistan\nSBP Jobs","description_img_link":"https:\/\/paper.jobs.com.pk\/wp-content\/uploads\/2020\/03\/sbp-exp.jpg"},"16":{"tilte":"Pakistan Sweet Home (Islamabad) Jobs 2020 for 40+ Clerks, Admin, Adjutant, PA\/Operator, Library, Principal & Other","img":"https:\/\/jobs.com.pk\/wp-content\/uploads\/2019\/06\/logo-federal.jpg","link":"https:\/\/jobs.com.pk\/view\/63749\/pakistan-sweet-home-islamabad-jobs-2020-for-40-clerks-admin-adjutant-pa-operator-library-principal-other\/","discription":"Pakistan Sweet Home (Islamabad) Jobs 2020 for 40+ Clerks, Admin, Adjutant, PA\/Operator, Library, Principal & Other to be filled immediately. Required qualification from a recognized institution and relevant work experience requirement are as following. Eligible candidates are encouraged to apply to the post in prescribed manner. Incomplete and late submissions\/applications will not be entertained. Only short listed candidates will be invited for interview and the selection process. No TA\/DA will be admissible for Test\/Interview. Last date to apply to the post and submit application along with required documents is 31st March 2020.\n\nPakistan Sweet Home\n\n\n\n\nName of Organization:\nPakistan Sweet Home\n\n\nTotal Vacancies:\n40+\n\n\nJob Location:\nIslamabad\n\n\nLast Date To Apply:\n31st March 2020\n\n\n\nName of Posts:\n\nClerks\nAdmin\nAdjutant\nPA\/Operator\nLibrary Staff\nPrincipal\nOther Staff\n\nHow to Apply:\n\nInterested applicants must submit application along with required documents on or before 31st March 2020.\nApplication form, details & registration:\n\n\n\nNotification\nDownload Notification\n\n\nGovernment Jobs\nPakistan Government Jobs","description_img_link":"https:\/\/paper.jobs.com.pk\/wp-content\/uploads\/2020\/03\/psh-jn.jpg"},"17":{"tilte":"Sindh Police Jobs 2020 for 78+ Police Constables","img":"https:\/\/jobs.com.pk\/wp-content\/uploads\/2016\/10\/karachi-police.jpg","link":"https:\/\/jobs.com.pk\/view\/63717\/sindh-police-jobs-2020-for-78-police-constables\/","discription":"Sindh Police Jobs 2020 for 78+ Police Constables to be filled immediately. PTS is conducting recruitment test for these posts and you can download the PTS application form and deposit slip from PTS website or this page below \u2013 Required qualification from a recognized institution and relevant work experience requirement are as following. Eligible candidates can apply through PTS by download Sindh Police PTS application form on this page (See details below) and submit it on or before the due date of 31st March 2020. Incomplete and late submissions\/applications will not be entertained. Only short listed candidates will be invited for interview and the selection process. No TA\/DA will be admissible for Test\/Interview.\n\nSindh Police\n\n\n\n\nName of Organization:\nSindh Police\n\n\nTotal Vacancies:\n78+\n\n\nJob Location:\nHyderabad\n\n\nStart Date:\n16th March 2020\n\n\nLast Date To Apply:\n31st March 2020\n\n\n\nName of Posts, Qualifications & Eligibility\n\n\n\nPost\nQualification\n\n\n\n\nPolice Constables (78 Posts)\nMatric (Any board) with 5\u2019x5\u2033 height and age between 18 to 28 years\n\n\n\n\nApplication form, details & registration:\n\n\n\nApply\nDownload Form\n\n\nNotification\nDownload Notification\n\n\nPolice Jobs\nPolice Jobs in Pakistan","description_img_link":"https:\/\/paper.jobs.com.pk\/wp-content\/uploads\/2020\/03\/police-sindh-dw.jpg"},"18":{"tilte":"PPSC Jobs 10\/2020: 366+ Jr Clerks, Zilladar, Teaching Faculty & Other in Punjab Government Departments","img":"https:\/\/jobs.com.pk\/wp-content\/uploads\/2019\/06\/logo-punjab.jpg","link":"https:\/\/jobs.com.pk\/view\/63711\/ppsc-jobs-10-2020-366-jr-clerks-zilladar-teaching-faculty-other-in-punjab-government-departments\/","discription":"Punjab Public Service Commission (PPSC) Jobs 10\/2020: PPSC is inviting applications from eligible candidates for 366+ Jr Clerks, Zilladar, Teaching Faculty & Other in Punjab Government Departments in Lahore and other districts. Required qualification from a recognized institution, relevant work experience and age limit requirement are as following. The vacancies at PPSC announced today are Jr Clerks, Zilladar, Teaching Faculty & Registrars in Punjab Board of Revenue, Specialized Healthcare & Medical Education Department and Punjab Irrigation Department.\nEligible candidates are encouraged to apply online on PPSC website at www.ppsc.gop.pk on or before the due date of 30th March 2020. Incomplete, late, hand written submissions\/applications will not be entertained. Only shortlisted candidates will be called for written test\/interview. See the notification below to see vacancies\/positions available, eligibility criteria and other requirements below:\n\nPunjab Public Service Commission (PPSC)\n\n\n\n\nName of Organization:\nPunjab Public Service Commission (PPSC)\n\n\nTotal Vacancies:\n366+\n\n\nJob Location:\nLahore \/ Punjab\n\n\nStart Date:\n16th March 2020\n\n\nLast Date To Apply:\n30th March 2020\n\n\n\nName of Posts:\n\nJunior Clerks\nZilladar\nRegistrars\nTeaching Faculty\n\n\n\n\nApplication form, details & registration:\n\n\n\nApply\nApply Online\n\n\nNotification\nDownload Notification \u2013 Part 1 | Part 2 | Part 3\n\n\nGovernment of Punjab\nPunjab Government Jobs\n\n\nPunjab Public Service Commission\nPPSC Jobs \/ Advertisements","description_img_link":"https:\/\/paper.jobs.com.pk\/wp-content\/uploads\/2020\/03\/ppsc-102020c.jpg"},"19":{"tilte":"National Accountability Bureau (NAB) Jobs 2020 for 17+ Drivers and Naib Qasid at NAB Regional Offices","img":"https:\/\/jobs.com.pk\/wp-content\/uploads\/job_listings\/2015\/02\/NAB-logo.jpg","link":"https:\/\/jobs.com.pk\/view\/63719\/national-accountability-bureau-nab-jobs-2020-for-17-drivers-and-naib-qasid-at-nab-regional-offices\/","discription":"National Accountability Bureau (NAB) Jobs 2020 for 17+ Drivers and Naib Qasid at NAB Regional Offices to be filled immediately. Required qualification from a recognized institution and relevant work experience requirement are as following. Eligible candidates are encouraged to apply to the post in prescribed manner. Incomplete and late submissions\/applications will not be entertained. Only short listed candidates will be invited for interview and the selection process. No TA\/DA will be admissible for Test\/Interview. Last date to apply to the post and submit application along with required documents is 30th March 2020.\n\nNational Accountability Bureau (NAB)\n\n\n\n\nName of Organization:\nNational Accountability Bureau (NAB)\n\n\nTotal Vacancies:\n17+\n\n\nJob Location:\nSukkur \/ Islamabad\n\n\nLast Date To Apply:\n30th March 2020\n\n\n\nName of Posts:\n\nDrivers\nNaib Qasid\nOther Vacancies\n\nNAB Jobs in Sukkur:\n\nInterested applicants must submit application along with required documents on or before 30th March 2020.\nAlso See: NAB Jobs in Islamabad\n\nAlso See: NAB Jobs in Lahore\n\nApplication form, details & registration:\n\n\n\nNotification\nDownload Notification\n\n\nGovernment Jobs\nNAB Jobs","description_img_link":"https:\/\/paper.jobs.com.pk\/wp-content\/uploads\/2020\/03\/nab-dn.jpg"}}